name,group
29336.jpg,60
18062.jpg,46
9615.jpg,24
7325.jpg,24
86580.jpg,197
118815.jpg,240
119121.jpg,240
36912.jpg,55
23939.jpg,40
26652.jpg,46
108140.jpg,205
40032.jpg,60
104465.jpg,205
100090.jpg,205
19280.jpg,46
25220.jpg,40
119458.jpg,240
17543.jpg,40
18353.jpg,40
27924.jpg,40
120629.jpg,240
35514.jpg,60
120155.jpg,240
115028.jpg,240
18946.jpg,40
87773.jpg,197
17461.jpg,46
28567.jpg,55
27611.jpg,46
107551.jpg,205
95721.jpg,197
87529.jpg,197
25904.jpg,46
14751.jpg,24
106649.jpg,205
40718.jpg,60
94634.jpg,197
105536.jpg,205
119461.jpg,240
103171.jpg,205
19298.jpg,40
109727.jpg,205
120625.jpg,240
92496.jpg,197
9979.jpg,24
8082.jpg,24
8999.jpg,24
21484.jpg,40
23703.jpg,46
29026.jpg,55
92842.jpg,197
13061.jpg,24
37949.jpg,55
8076.jpg,24
19348.jpg,46
123189.jpg,240
36136.jpg,55
14728.jpg,24
112552.jpg,240
85349.jpg,197
125717.jpg,240
31935.jpg,55
33985.jpg,60
16396.jpg,40
23928.jpg,40
112546.jpg,240
104826.jpg,205
11275.jpg,24
20353.jpg,40
116704.jpg,240
34388.jpg,60
38055.jpg,60
91942.jpg,197
92142.jpg,197
20624.jpg,46
103353.jpg,205
120682.jpg,240
27443.jpg,40
13621.jpg,24
40243.jpg,60
101336.jpg,205
118131.jpg,240
23074.jpg,40
40264.jpg,55
29317.jpg,60
105649.jpg,205
126220.jpg,240
23463.jpg,40
26554.jpg,46
31877.jpg,55
25236.jpg,40
22212.jpg,40
87139.jpg,197
84639.jpg,197
95992.jpg,197
107855.jpg,205
90670.jpg,197
40936.jpg,60
89156.jpg,197
7764.jpg,24
40722.jpg,60
93779.jpg,197
88441.jpg,197
30492.jpg,60
106899.jpg,205
121329.jpg,240
114634.jpg,240
30009.jpg,60
18796.jpg,40
29985.jpg,60
27029.jpg,46
98295.jpg,205
29545.jpg,55
34316.jpg,60
19186.jpg,46
95791.jpg,197
112556.jpg,240
25777.jpg,46
33607.jpg,55
24611.jpg,40
109603.jpg,205
7910.jpg,24
9734.jpg,24
10217.jpg,24
27094.jpg,46
22983.jpg,46
88806.jpg,197
23518.jpg,46
101453.jpg,205
7336.jpg,24
116723.jpg,240
39312.jpg,60
33944.jpg,55
31011.jpg,55
114408.jpg,240
20801.jpg,46
126730.jpg,240
31767.jpg,60
95518.jpg,197
97017.jpg,197
33722.jpg,55
10668.jpg,24
27809.jpg,40
10670.jpg,24
29949.jpg,60
37138.jpg,55
7477.jpg,24
34973.jpg,60
37650.jpg,60
18367.jpg,40
87768.jpg,197
32491.jpg,55
26068.jpg,46
106412.jpg,205
11384.jpg,24
22451.jpg,40
109228.jpg,205
112023.jpg,240
39829.jpg,55
126195.jpg,240
16746.jpg,46
29130.jpg,60
20785.jpg,46
91144.jpg,197
15692.jpg,46
35030.jpg,55
22962.jpg,46
107168.jpg,205
13882.jpg,24
90941.jpg,197
34970.jpg,60
36694.jpg,60
16169.jpg,40
40258.jpg,60
126838.jpg,240
27702.jpg,46
88440.jpg,197
39362.jpg,60
94361.jpg,197
89399.jpg,197
9540.jpg,24
103560.jpg,205
108145.jpg,205
17537.jpg,40
35890.jpg,55
24383.jpg,46
23464.jpg,40
21067.jpg,46
25284.jpg,46
92804.jpg,197
14923.jpg,24
33724.jpg,55
121691.jpg,240
29309.jpg,55
31937.jpg,55
31295.jpg,55
38033.jpg,60
34045.jpg,55
27251.jpg,40
33433.jpg,55
98271.jpg,205
20365.jpg,40
114399.jpg,240
23109.jpg,40
34369.jpg,55
30001.jpg,60
91337.jpg,197
16484.jpg,46
103756.jpg,205
37939.jpg,55
104066.jpg,205
107859.jpg,205
111554.jpg,240
11294.jpg,24
111300.jpg,240
93255.jpg,197
92150.jpg,197
106034.jpg,205
107259.jpg,205
13297.jpg,24
112518.jpg,240
18905.jpg,40
12537.jpg,24
34299.jpg,60
27927.jpg,40
99388.jpg,205
24860.jpg,40
40052.jpg,60
20654.jpg,40
100508.jpg,205
94847.jpg,197
105680.jpg,205
32850.jpg,60
92487.jpg,197
35110.jpg,55
39783.jpg,60
119455.jpg,240
29272.jpg,55
15716.jpg,46
107635.jpg,205
32002.jpg,55
21297.jpg,46
100069.jpg,205
8331.jpg,24
106364.jpg,205
39134.jpg,55
109596.jpg,205
90926.jpg,197
99015.jpg,205
26975.jpg,40
100792.jpg,205
31404.jpg,55
25048.jpg,46
40275.jpg,60
36663.jpg,55
18514.jpg,46
14520.jpg,24
116950.jpg,240
106895.jpg,205
7597.jpg,24
18190.jpg,40
8385.jpg,24
17519.jpg,46
89681.jpg,197
32838.jpg,60
18719.jpg,46
40279.jpg,60
117719.jpg,240
125719.jpg,240
126707.jpg,240
18392.jpg,46
27446.jpg,40
107728.jpg,205
104808.jpg,205
108528.jpg,205
106409.jpg,205
17211.jpg,40
23291.jpg,46
32287.jpg,60
18963.jpg,40
16754.jpg,46
108805.jpg,205
90317.jpg,197
125288.jpg,240
40611.jpg,55
40707.jpg,60
32822.jpg,55
25219.jpg,40
25672.jpg,46
93251.jpg,197
86459.jpg,197
29438.jpg,55
23083.jpg,40
27833.jpg,40
105700.jpg,205
30877.jpg,55
87530.jpg,197
10743.jpg,24
91906.jpg,197
8335.jpg,24
104817.jpg,205
37479.jpg,60
87511.jpg,197
7916.jpg,24
32851.jpg,60
103027.jpg,205
23071.jpg,40
40049.jpg,60
21737.jpg,46
22087.jpg,46
24356.jpg,40
83914.jpg,197
22206.jpg,40
14897.jpg,24
37052.jpg,55
105667.jpg,205
24384.jpg,46
36726.jpg,60
23286.jpg,46
34308.jpg,60
10992.jpg,24
120644.jpg,240
18580.jpg,46
9986.jpg,24
24800.jpg,40
20795.jpg,46
87133.jpg,197
36031.jpg,55
38014.jpg,55
119463.jpg,240
25660.jpg,46
14629.jpg,24
37482.jpg,60
33801.jpg,55
13132.jpg,24
22245.jpg,40
85512.jpg,197
117181.jpg,240
9566.jpg,24
21741.jpg,46
122028.jpg,240
94841.jpg,197
23087.jpg,40
19763.jpg,40
18133.jpg,40
96976.jpg,197
35226.jpg,55
13383.jpg,24
39864.jpg,55
29946.jpg,60
23092.jpg,40
121323.jpg,240
36918.jpg,55
13141.jpg,24
25680.jpg,46
89161.jpg,197
23048.jpg,40
27105.jpg,46
16518.jpg,46
33648.jpg,55
89372.jpg,197
23067.jpg,40
34215.jpg,55
30981.jpg,60
18363.jpg,40
120620.jpg,240
92505.jpg,197
32964.jpg,55
18053.jpg,46
34048.jpg,55
109830.jpg,240
92802.jpg,197
87466.jpg,197
38911.jpg,55
116521.jpg,240
84266.jpg,197
31398.jpg,55
40044.jpg,60
35643.jpg,60
39342.jpg,55
35900.jpg,60
35849.jpg,60
25826.jpg,46
114624.jpg,240
30216.jpg,55
16747.jpg,46
37477.jpg,60
90955.jpg,197
103167.jpg,205
106746.jpg,205
37137.jpg,55
110962.jpg,240
14502.jpg,24
13385.jpg,24
94311.jpg,197
107267.jpg,205
107847.jpg,205
14132.jpg,24
116410.jpg,240
122472.jpg,240
13138.jpg,24
34787.jpg,55
36734.jpg,60
12377.jpg,24
23508.jpg,46
105224.jpg,205
106942.jpg,205
23500.jpg,46
98345.jpg,205
7846.jpg,24
34291.jpg,60
102275.jpg,205
100386.jpg,205
31766.jpg,60
19297.jpg,40
37268.jpg,60
107854.jpg,205
38032.jpg,60
126719.jpg,240
34476.jpg,60
16755.jpg,46
35913.jpg,60
112105.jpg,240
39347.jpg,60
35642.jpg,60
41435.jpg,55
96445.jpg,197
28356.jpg,55
85956.jpg,197
23415.jpg,46
13922.jpg,24
18130.jpg,40
87515.jpg,197
103031.jpg,205
21823.jpg,40
106938.jpg,205
29335.jpg,60
114271.jpg,240
38015.jpg,55
10672.jpg,24
95003.jpg,197
117597.jpg,240
106417.jpg,205
25288.jpg,46
24795.jpg,40
25045.jpg,46
27942.jpg,40
100091.jpg,205
90673.jpg,197
100008.jpg,205
34413.jpg,60
23290.jpg,46
34904.jpg,55
24863.jpg,40
22358.jpg,46
122034.jpg,240
22262.jpg,40
106915.jpg,205
93969.jpg,197
95703.jpg,197
92459.jpg,197
96448.jpg,197
34158.jpg,55
123201.jpg,240
27682.jpg,46
18410.jpg,40
19561.jpg,46
8267.jpg,24
110942.jpg,240
110729.jpg,240
20788.jpg,46
13722.jpg,24
98342.jpg,205
29980.jpg,55
23466.jpg,40
107850.jpg,205
37645.jpg,60
89401.jpg,197
26529.jpg,46
35114.jpg,55
125170.jpg,240
17827.jpg,40
114415.jpg,240
94459.jpg,197
29294.jpg,55
20668.jpg,40
108628.jpg,205
86385.jpg,197
93252.jpg,197
105655.jpg,205
9795.jpg,24
101311.jpg,205
41459.jpg,55
27119.jpg,46
95233.jpg,197
13721.jpg,24
103453.jpg,205
118814.jpg,240
89176.jpg,197
89403.jpg,197
27115.jpg,46
10080.jpg,24
107915.jpg,205
85346.jpg,197
41246.jpg,55
98274.jpg,205
41461.jpg,55
30066.jpg,60
98693.jpg,205
11148.jpg,24
9001.jpg,24
21735.jpg,46
25349.jpg,40
107567.jpg,205
33578.jpg,55
94366.jpg,197
23726.jpg,46
32000.jpg,55
41430.jpg,55
100495.jpg,205
40265.jpg,55
8174.jpg,24
7609.jpg,24
104827.jpg,205
17613.jpg,40
104806.jpg,205
118590.jpg,240
124599.jpg,240
40027.jpg,55
26564.jpg,46
90219.jpg,197
34898.jpg,55
19343.jpg,46
23320.jpg,46
126697.jpg,240
30421.jpg,55
17536.jpg,40
27814.jpg,40
109236.jpg,205
105320.jpg,205
14506.jpg,24
98686.jpg,205
23036.jpg,40
110418.jpg,240
13623.jpg,24
38050.jpg,60
9741.jpg,24
26066.jpg,46
125154.jpg,240
8300.jpg,24
108814.jpg,205
9984.jpg,24
39684.jpg,55
35910.jpg,60
20558.jpg,40
123627.jpg,240
122033.jpg,240
22908.jpg,40
23323.jpg,46
106231.jpg,205
20471.jpg,46
8391.jpg,24
19746.jpg,40
23929.jpg,40
107264.jpg,205
90484.jpg,197
37272.jpg,60
16167.jpg,40
38024.jpg,60
25345.jpg,40
11656.jpg,24
108669.jpg,205
123799.jpg,240
12458.jpg,24
8547.jpg,24
89791.jpg,197
29015.jpg,55
36693.jpg,60
29182.jpg,55
9726.jpg,24
25400.jpg,40
98695.jpg,205
30056.jpg,60
12334.jpg,24
7333.jpg,24
127024.jpg,240
38901.jpg,60
107349.jpg,205
11470.jpg,24
93278.jpg,197
27095.jpg,46
89391.jpg,197
98135.jpg,205
8460.jpg,24
27707.jpg,46
85372.jpg,197
88909.jpg,197
19181.jpg,46
37533.jpg,55
92702.jpg,197
102328.jpg,205
40257.jpg,60
19760.jpg,40
95993.jpg,197
123797.jpg,240
7848.jpg,24
11273.jpg,24
23459.jpg,40
16482.jpg,46
100418.jpg,205
88838.jpg,197
17624.jpg,40
87508.jpg,197
11269.jpg,24
20464.jpg,46
31288.jpg,55
31940.jpg,55
27058.jpg,40
33527.jpg,55
38017.jpg,60
25918.jpg,46
95925.jpg,197
27709.jpg,46
119138.jpg,240
112529.jpg,240
85605.jpg,197
37461.jpg,60
108173.jpg,205
29117.jpg,60
26645.jpg,46
20356.jpg,40
22369.jpg,46
37459.jpg,60
20738.jpg,46
37772.jpg,55
11222.jpg,24
107561.jpg,205
30515.jpg,60
27116.jpg,46
124978.jpg,240
125283.jpg,240
108929.jpg,205
21726.jpg,46
19092.jpg,46
105456.jpg,205
107912.jpg,205
30793.jpg,60
103310.jpg,205
16326.jpg,46
92865.jpg,197
111544.jpg,240
30044.jpg,60
29006.jpg,55
87543.jpg,197
38006.jpg,55
34967.jpg,60
24798.jpg,40
13306.jpg,24
93220.jpg,197
7443.jpg,24
40058.jpg,60
38748.jpg,55
113053.jpg,240
97029.jpg,197
34435.jpg,55
6988.jpg,24
123198.jpg,240
23089.jpg,40
39371.jpg,60
30884.jpg,55
88525.jpg,197
8274.jpg,24
16745.jpg,46
26650.jpg,46
126716.jpg,240
103298.jpg,205
110817.jpg,240
96914.jpg,197
107265.jpg,205
90146.jpg,197
21490.jpg,40
25676.jpg,46
18812.jpg,40
11676.jpg,24
8384.jpg,24
106398.jpg,205
34375.jpg,60
14525.jpg,24
16166.jpg,40
30883.jpg,55
17071.jpg,40
27450.jpg,40
123786.jpg,240
102272.jpg,205
106646.jpg,205
19184.jpg,46
23040.jpg,40
21045.jpg,46
104841.jpg,205
31520.jpg,55
35784.jpg,60
27812.jpg,40
38884.jpg,60
18831.jpg,40
19345.jpg,46
32207.jpg,55
36944.jpg,55
37647.jpg,60
92762.jpg,197
37267.jpg,60
103288.jpg,205
31443.jpg,60
112541.jpg,240
29997.jpg,60
100102.jpg,205
36558.jpg,55
97014.jpg,197
106375.jpg,205
12119.jpg,24
9577.jpg,24
34552.jpg,60
113492.jpg,240
107632.jpg,205
29120.jpg,60
98279.jpg,205
10477.jpg,24
21053.jpg,46
10299.jpg,24
97756.jpg,205
13640.jpg,24
86293.jpg,197
21040.jpg,46
35802.jpg,60
19338.jpg,46
103363.jpg,205
120633.jpg,240
22896.jpg,46
11291.jpg,24
35864.jpg,55
18188.jpg,40
14179.jpg,24
17582.jpg,40
110413.jpg,240
18352.jpg,40
103566.jpg,205
13063.jpg,24
16317.jpg,46
18189.jpg,40
28487.jpg,55
84186.jpg,197
114272.jpg,240
102209.jpg,205
7593.jpg,24
126382.jpg,240
17546.jpg,40
10858.jpg,24
124589.jpg,240
18956.jpg,40
18990.jpg,40
122011.jpg,240
108215.jpg,205
39369.jpg,60
33539.jpg,55
33530.jpg,55
38118.jpg,55
103567.jpg,205
12207.jpg,24
17347.jpg,46
102320.jpg,205
114827.jpg,240
7692.jpg,24
90320.jpg,197
14121.jpg,24
25396.jpg,40
90008.jpg,197
97015.jpg,197
31444.jpg,60
20348.jpg,40
123200.jpg,240
97746.jpg,205
23821.jpg,40
96008.jpg,197
107407.jpg,205
97009.jpg,197
37481.jpg,60
17619.jpg,40
126722.jpg,240
97729.jpg,205
110943.jpg,240
25912.jpg,46
12346.jpg,24
18401.jpg,46
86458.jpg,197
8868.jpg,24
86406.jpg,197
16184.jpg,40
37693.jpg,55
84261.jpg,197
122021.jpg,240
13161.jpg,24
13261.jpg,24
10993.jpg,24
39373.jpg,60
6812.jpg,24
26988.jpg,46
121317.jpg,240
13759.jpg,24
94172.jpg,197
88880.jpg,197
18575.jpg,46
11179.jpg,24
19294.jpg,40
9379.jpg,24
104110.jpg,205
23810.jpg,40
88931.jpg,197
126701.jpg,240
33448.jpg,60
33041.jpg,55
100511.jpg,205
126181.jpg,240
23517.jpg,46
118450.jpg,240
18954.jpg,40
106935.jpg,205
15405.jpg,40
19765.jpg,40
18950.jpg,40
13029.jpg,24
114411.jpg,240
87294.jpg,197
108396.jpg,205
13092.jpg,24
16743.jpg,46
23921.jpg,40
26054.jpg,46
37698.jpg,55
114412.jpg,240
86925.jpg,197
16505.jpg,46
107709.jpg,205
34213.jpg,55
105909.jpg,205
40284.jpg,60
29097.jpg,60
30076.jpg,55
114268.jpg,240
14515.jpg,24
17277.jpg,46
114627.jpg,240
14137.jpg,24
6813.jpg,24
117809.jpg,240
17278.jpg,46
23317.jpg,46
89837.jpg,197
35129.jpg,55
36905.jpg,55
88783.jpg,197
34085.jpg,55
33652.jpg,55
38044.jpg,60
29930.jpg,60
24799.jpg,40
27290.jpg,46
22973.jpg,46
94175.jpg,197
37153.jpg,55
107731.jpg,205
22256.jpg,40
23351.jpg,46
16164.jpg,40
108229.jpg,205
110085.jpg,240
17445.jpg,46
123076.jpg,240
10272.jpg,24
7280.jpg,24
38893.jpg,60
109835.jpg,240
25909.jpg,46
18430.jpg,40
16177.jpg,40
35770.jpg,55
14740.jpg,24
18359.jpg,40
98341.jpg,205
33625.jpg,55
39019.jpg,55
33460.jpg,60
108266.jpg,205
123807.jpg,240
26451.jpg,46
7332.jpg,24
10300.jpg,24
106207.jpg,205
106370.jpg,205
124588.jpg,240
90665.jpg,197
94848.jpg,197
109728.jpg,205
96450.jpg,197
35799.jpg,60
30974.jpg,60
117177.jpg,240
20655.jpg,40
94860.jpg,197
117869.jpg,240
23295.jpg,46
17642.jpg,40
114396.jpg,240
33579.jpg,55
107914.jpg,205
26454.jpg,46
29322.jpg,60
12762.jpg,24
9982.jpg,24
17639.jpg,40
41542.jpg,60
106419.jpg,205
106036.jpg,205
12534.jpg,24
25337.jpg,40
20608.jpg,46
34966.jpg,60
18502.jpg,46
93983.jpg,197
27624.jpg,46
30731.jpg,55
19168.jpg,46
33727.jpg,55
22123.jpg,40
87149.jpg,197
27245.jpg,40
113078.jpg,240
23297.jpg,46
123803.jpg,240
100095.jpg,205
90937.jpg,197
92151.jpg,197
17261.jpg,46
14145.jpg,24
40232.jpg,60
22463.jpg,40
12665.jpg,24
22555.jpg,46
120156.jpg,240
117886.jpg,240
116552.jpg,240
16390.jpg,40
117598.jpg,240
26062.jpg,46
117484.jpg,240
97760.jpg,205
38769.jpg,55
108224.jpg,205
125169.jpg,240
23341.jpg,46
22253.jpg,40
18969.jpg,40
34042.jpg,55
32959.jpg,55
29964.jpg,55
126706.jpg,240
19340.jpg,46
124167.jpg,240
31459.jpg,60
32830.jpg,60
17257.jpg,46
31229.jpg,55
35099.jpg,55
7283.jpg,24
112437.jpg,240
104108.jpg,205
40923.jpg,60
17547.jpg,40
96543.jpg,197
103995.jpg,205
10995.jpg,24
114392.jpg,240
104839.jpg,205
27808.jpg,40
106371.jpg,205
21033.jpg,46
34394.jpg,60
32145.jpg,55
26534.jpg,46
27604.jpg,46
17948.jpg,46
88814.jpg,197
41085.jpg,55
90939.jpg,197
18911.jpg,40
29954.jpg,60
22892.jpg,46
14148.jpg,24
104784.jpg,205
28984.jpg,55
22076.jpg,46
32292.jpg,55
20614.jpg,46
87300.jpg,197
107559.jpg,205
107627.jpg,205
112536.jpg,240
8408.jpg,24
20642.jpg,40
11652.jpg,24
18393.jpg,46
112542.jpg,240
34958.jpg,60
39313.jpg,60
36728.jpg,60
88971.jpg,197
11418.jpg,24
99599.jpg,205
30791.jpg,60
41067.jpg,55
110957.jpg,240
103564.jpg,205
35495.jpg,60
83746.jpg,197
108521.jpg,205
36684.jpg,60
25338.jpg,40
120643.jpg,240
110355.jpg,240
33731.jpg,55
98286.jpg,205
126215.jpg,240
20744.jpg,46
36134.jpg,55
40937.jpg,60
23923.jpg,40
11875.jpg,24
126900.jpg,240
38917.jpg,55
92507.jpg,197
105163.jpg,205
27437.jpg,40
112523.jpg,240
38070.jpg,60
32069.jpg,55
27600.jpg,46
97013.jpg,197
9924.jpg,24
118765.jpg,240
8543.jpg,24
126384.jpg,240
13160.jpg,24
13737.jpg,24
26649.jpg,46
104849.jpg,205
89365.jpg,197
32958.jpg,55
103297.jpg,205
30998.jpg,60
106423.jpg,205
32489.jpg,55
18581.jpg,46
35119.jpg,55
94454.jpg,197
90993.jpg,197
26536.jpg,46
19743.jpg,40
30602.jpg,55
30732.jpg,55
90953.jpg,197
90936.jpg,197
29355.jpg,55
114394.jpg,240
12101.jpg,24
40125.jpg,55
39785.jpg,60
37463.jpg,60
110427.jpg,240
8765.jpg,24
40047.jpg,60
117881.jpg,240
30303.jpg,55
8392.jpg,24
104815.jpg,205
23319.jpg,46
104834.jpg,205
24805.jpg,40
40037.jpg,60
17554.jpg,40
40712.jpg,60
30048.jpg,60
19568.jpg,46
25232.jpg,40
31405.jpg,55
8367.jpg,24
88246.jpg,197
10476.jpg,24
91938.jpg,197
96197.jpg,197
26669.jpg,46
86921.jpg,197
11416.jpg,24
27222.jpg,40
10969.jpg,24
88872.jpg,197
36584.jpg,55
107753.jpg,205
10680.jpg,24
6808.jpg,24
126174.jpg,240
91912.jpg,197
30978.jpg,60
32571.jpg,55
24359.jpg,40
94450.jpg,197
12158.jpg,24
27820.jpg,40
10479.jpg,24
126209.jpg,240
109844.jpg,240
34532.jpg,55
17793.jpg,40
23076.jpg,40
22444.jpg,40
17399.jpg,40
25906.jpg,46
35638.jpg,60
27226.jpg,40
101337.jpg,205
22199.jpg,40
98691.jpg,205
39485.jpg,55
40263.jpg,55
19306.jpg,40
122004.jpg,240
37627.jpg,55
102321.jpg,205
118598.jpg,240
11391.jpg,24
13636.jpg,24
20359.jpg,40
38922.jpg,55
22566.jpg,46
25679.jpg,46
116554.jpg,240
34538.jpg,60
20553.jpg,40
13198.jpg,24
28654.jpg,55
26450.jpg,46
23314.jpg,46
97021.jpg,197
29933.jpg,60
39544.jpg,55
19335.jpg,46
87321.jpg,197
29312.jpg,60
83742.jpg,197
16408.jpg,40
30996.jpg,60
34416.jpg,60
119453.jpg,240
22242.jpg,40
123191.jpg,240
109223.jpg,205
35501.jpg,60
36597.jpg,55
30213.jpg,55
88523.jpg,197
101459.jpg,205
35507.jpg,60
88659.jpg,197
27028.jpg,46
110950.jpg,240
27617.jpg,46
122014.jpg,240
107918.jpg,205
24386.jpg,46
108139.jpg,205
109833.jpg,240
29012.jpg,55
83928.jpg,197
7854.jpg,24
36816.jpg,55
99915.jpg,205
23729.jpg,46
107715.jpg,205
17646.jpg,40
16753.jpg,46
104461.jpg,205
120402.jpg,240
30497.jpg,60
35527.jpg,55
92152.jpg,197
115032.jpg,240
91335.jpg,197
11224.jpg,24
100795.jpg,205
123404.jpg,240
23807.jpg,40
85242.jpg,197
18818.jpg,40
92456.jpg,197
14134.jpg,24
13302.jpg,24
90005.jpg,197
37195.jpg,55
11706.jpg,24
35645.jpg,60
30995.jpg,60
83918.jpg,197
17435.jpg,46
27944.jpg,40
13093.jpg,24
84188.jpg,197
107547.jpg,205
29932.jpg,60
13080.jpg,24
39860.jpg,55
10087.jpg,24
40278.jpg,60
17212.jpg,40
109834.jpg,240
120618.jpg,240
20791.jpg,46
37455.jpg,60
90430.jpg,197
27309.jpg,46
23913.jpg,40
25046.jpg,46
89521.jpg,197
23094.jpg,40
85940.jpg,197
123088.jpg,240
18509.jpg,46
17606.jpg,40
24619.jpg,40
20643.jpg,40
86301.jpg,197
88449.jpg,197
33467.jpg,60
8949.jpg,24
18785.jpg,40
14880.jpg,24
10971.jpg,24
27143.jpg,40
18192.jpg,40
20625.jpg,46
106367.jpg,205
87199.jpg,197
19676.jpg,46
120404.jpg,240
27930.jpg,40
22247.jpg,40
11674.jpg,24
30988.jpg,60
27018.jpg,46
123815.jpg,240
39553.jpg,55
25764.jpg,46
34403.jpg,60
38046.jpg,60
41564.jpg,60
13980.jpg,24
24802.jpg,40
40042.jpg,60
8954.jpg,24
121383.jpg,240
29021.jpg,55
32276.jpg,60
41537.jpg,60
22196.jpg,40
7120.jpg,24
104468.jpg,205
86453.jpg,197
20357.jpg,40
116720.jpg,240
30043.jpg,60
21075.jpg,46
21825.jpg,40
8642.jpg,24
39772.jpg,60
108150.jpg,205
17392.jpg,40
104825.jpg,205
34007.jpg,55
119132.jpg,240
28117.jpg,40
30801.jpg,60
107862.jpg,205
90949.jpg,197
9541.jpg,24
17953.jpg,46
6961.jpg,24
87095.jpg,197
35919.jpg,60
22243.jpg,40
16398.jpg,40
33943.jpg,55
29258.jpg,55
116560.jpg,240
86799.jpg,197
11288.jpg,24
105907.jpg,205
27046.jpg,46
88935.jpg,197
17203.jpg,40
41186.jpg,60
123625.jpg,240
86446.jpg,197
14152.jpg,24
31707.jpg,55
19093.jpg,46
27055.jpg,46
29030.jpg,55
35798.jpg,60
88798.jpg,197
126721.jpg,240
34015.jpg,55
19766.jpg,40
122010.jpg,240
29988.jpg,60
94843.jpg,197
124597.jpg,240
110416.jpg,240
34613.jpg,55
33792.jpg,55
25291.jpg,46
113504.jpg,240
30994.jpg,60
26063.jpg,46
29124.jpg,60
96147.jpg,197
11419.jpg,24
89368.jpg,197
10909.jpg,24
22910.jpg,40
41567.jpg,60
18349.jpg,40
126905.jpg,240
89164.jpg,197
113067.jpg,240
25313.jpg,46
17062.jpg,40
35299.jpg,55
122462.jpg,240
36721.jpg,60
9744.jpg,24
23735.jpg,46
87146.jpg,197
26130.jpg,46
10480.jpg,24
40661.jpg,55
85361.jpg,197
22210.jpg,40
30794.jpg,60
123790.jpg,240
14805.jpg,24
38065.jpg,60
25329.jpg,40
25275.jpg,46
29936.jpg,60
8040.jpg,24
22901.jpg,46
25223.jpg,40
24345.jpg,40
19572.jpg,46
33606.jpg,55
87209.jpg,197
18369.jpg,40
87204.jpg,197
106369.jpg,205
106937.jpg,205
40706.jpg,60
29923.jpg,55
18500.jpg,46
30075.jpg,55
34305.jpg,60
125933.jpg,240
21488.jpg,40
17255.jpg,46
7366.jpg,24
108153.jpg,205
39356.jpg,60
101462.jpg,205
38018.jpg,60
34425.jpg,60
32963.jpg,55
14876.jpg,24
11199.jpg,24
17458.jpg,46
23499.jpg,46
93242.jpg,197
111305.jpg,240
111546.jpg,240
84585.jpg,197
39782.jpg,60
100097.jpg,205
6818.jpg,24
124859.jpg,240
18131.jpg,40
27232.jpg,40
11146.jpg,24
23701.jpg,46
38048.jpg,60
35899.jpg,60
88881.jpg,197
102739.jpg,205
103385.jpg,205
25659.jpg,46
36818.jpg,55
108625.jpg,205
8926.jpg,24
11471.jpg,24
88655.jpg,197
13620.jpg,24
18376.jpg,40
34377.jpg,60
92799.jpg,197
34196.jpg,55
39170.jpg,55
31454.jpg,60
32844.jpg,60
14624.jpg,24
36723.jpg,60
97025.jpg,197
9545.jpg,24
14771.jpg,24
8297.jpg,24
106192.jpg,205
37950.jpg,55
102915.jpg,205
34304.jpg,60
105701.jpg,205
23937.jpg,40
31879.jpg,55
25352.jpg,40
118807.jpg,240
108812.jpg,205
14817.jpg,24
100380.jpg,205
91941.jpg,197
39350.jpg,60
22957.jpg,46
35422.jpg,55
9569.jpg,24
7439.jpg,24
25289.jpg,46
32067.jpg,55
32194.jpg,55
111555.jpg,240
34383.jpg,60
106349.jpg,205
11420.jpg,24
104010.jpg,205
123706.jpg,240
110417.jpg,240
23324.jpg,46
119126.jpg,240
17817.jpg,40
30889.jpg,55
107451.jpg,205
40904.jpg,60
40925.jpg,60
88261.jpg,197
29308.jpg,55
123408.jpg,240
11426.jpg,24
27103.jpg,46
39733.jpg,55
104855.jpg,205
12601.jpg,24
30507.jpg,60
33326.jpg,55
122461.jpg,240
14759.jpg,24
120244.jpg,240
22979.jpg,46
119128.jpg,240
17614.jpg,40
7434.jpg,24
25397.jpg,40
40657.jpg,55
110350.jpg,240
31466.jpg,60
103565.jpg,205
90666.jpg,197
123195.jpg,240
110813.jpg,240
35468.jpg,55
105906.jpg,205
93247.jpg,197
37356.jpg,55
123064.jpg,240
37415.jpg,55
25316.jpg,46
33459.jpg,60
86581.jpg,197
27943.jpg,40
31651.jpg,55
8176.jpg,24
121331.jpg,240
31773.jpg,60
126200.jpg,240
34888.jpg,55
14183.jpg,24
41445.jpg,55
124169.jpg,240
102227.jpg,205
30687.jpg,55
29128.jpg,60
40620.jpg,55
100490.jpg,205
24607.jpg,40
17397.jpg,40
29020.jpg,55
27701.jpg,46
95226.jpg,197
34218.jpg,55
41557.jpg,60
105902.jpg,205
17518.jpg,46
40664.jpg,55
117167.jpg,240
97016.jpg,197
17643.jpg,40
18121.jpg,40
120621.jpg,240
38019.jpg,60
38904.jpg,60
34611.jpg,55
38037.jpg,60
120211.jpg,240
123800.jpg,240
27609.jpg,46
8546.jpg,24
12402.jpg,24
107640.jpg,205
90928.jpg,197
94312.jpg,197
119115.jpg,240
36720.jpg,60
108132.jpg,205
89174.jpg,197
35124.jpg,55
23507.jpg,46
24622.jpg,40
40359.jpg,55
98138.jpg,205
99061.jpg,205
90012.jpg,197
119135.jpg,240
33513.jpg,55
26999.jpg,46
97020.jpg,197
121382.jpg,240
13296.jpg,24
94643.jpg,197
110428.jpg,240
86387.jpg,197
17602.jpg,40
17160.jpg,46
40920.jpg,60
85373.jpg,197
25830.jpg,46
97731.jpg,205
30519.jpg,55
87325.jpg,197
40666.jpg,55
39363.jpg,60
12153.jpg,24
38903.jpg,60
107625.jpg,205
25398.jpg,40
30520.jpg,55
103383.jpg,205
85237.jpg,197
10653.jpg,24
22985.jpg,46
39325.jpg,60
8973.jpg,24
89169.jpg,197
36044.jpg,55
33425.jpg,55
121314.jpg,240
18713.jpg,46
36691.jpg,60
111292.jpg,240
30045.jpg,60
117483.jpg,240
26631.jpg,46
14504.jpg,24
33952.jpg,60
94845.jpg,197
126700.jpg,240
41173.jpg,60
24614.jpg,40
39777.jpg,60
110958.jpg,240
31933.jpg,55
93112.jpg,197
107003.jpg,205
